Project Name,Package Name,Type Name,Method Name,LOC,CC,PC,Line no,IsTest,Main prod class tested,Production classes tested
javapoet,com.squareup.javapoet,AnnotationSpec,AnnotationSpec,4,1,1,50,0,,
javapoet,com.squareup.javapoet,AnnotationSpec,emit,24,5,2,55,0,com.squareup.javapoet.AnnotationSpec,com.squareup.javapoet.AnnotationSpec
javapoet,com.squareup.javapoet,AnnotationSpec,emitAnnotationValues,18,4,4,89,0,,
javapoet,com.squareup.javapoet,AnnotationSpec,get,3,1,1,110,0,com.squareup.javapoet.AnnotationSpec,com.squareup.javapoet.AnnotationSpec
javapoet,com.squareup.javapoet,AnnotationSpec,get,30,7,2,114,0,com.squareup.javapoet.AnnotationSpec,com.squareup.javapoet.AnnotationSpec
javapoet,com.squareup.javapoet,AnnotationSpec,get,11,2,1,144,0,com.squareup.javapoet.AnnotationSpec,com.squareup.javapoet.AnnotationSpec
javapoet,com.squareup.javapoet,AnnotationSpec,builder,4,1,1,156,0,,
javapoet,com.squareup.javapoet,AnnotationSpec,builder,3,1,1,161,0,com.squareup.javapoet.AnnotationSpec,com.squareup.javapoet.AnnotationSpec
javapoet,com.squareup.javapoet,AnnotationSpec,toBuilder,7,2,0,165,0,,
javapoet,com.squareup.javapoet,AnnotationSpec,equals,6,4,1,173,0,com.squareup.javapoet.AnnotationSpec,com.squareup.javapoet.AnnotationSpec
javapoet,com.squareup.javapoet,AnnotationSpec,hashCode,3,1,0,180,0,com.squareup.javapoet.AnnotationSpec,com.squareup.javapoet.AnnotationSpec
javapoet,com.squareup.javapoet,AnnotationSpec,toString,11,1,0,184,0,,
javapoet,com.squareup.javapoet,ArrayTypeName,ArrayTypeName,3,1,1,33,0,,
javapoet,com.squareup.javapoet,ArrayTypeName,ArrayTypeName,4,1,2,37,0,,
javapoet,com.squareup.javapoet,ArrayTypeName,annotated,3,1,1,42,0,,
javapoet,com.squareup.javapoet,ArrayTypeName,withoutAnnotations,3,1,0,46,0,,
javapoet,com.squareup.javapoet,ArrayTypeName,emit,3,1,1,50,0,com.squareup.javapoet.ArrayTypeName,com.squareup.javapoet.ArrayTypeName
javapoet,com.squareup.javapoet,ArrayTypeName,emit,4,1,2,54,0,com.squareup.javapoet.ArrayTypeName,com.squareup.javapoet.ArrayTypeName
javapoet,com.squareup.javapoet,ArrayTypeName,emitLeafType,6,2,1,59,0,,
javapoet,com.squareup.javapoet,ArrayTypeName,emitBrackets,11,3,2,66,0,,
javapoet,com.squareup.javapoet,ArrayTypeName,of,3,1,1,81,0,,
javapoet,com.squareup.javapoet,ArrayTypeName,of,3,1,1,86,0,com.squareup.javapoet.ArrayTypeName,com.squareup.javapoet.ArrayTypeName
javapoet,com.squareup.javapoet,ArrayTypeName,get,3,1,1,91,0,com.squareup.javapoet.ArrayTypeName,com.squareup.javapoet.ArrayTypeName
javapoet,com.squareup.javapoet,ArrayTypeName,get,3,1,2,96,0,com.squareup.javapoet.ArrayTypeName,com.squareup.javapoet.ArrayTypeName
javapoet,com.squareup.javapoet,ArrayTypeName,get,3,1,1,101,0,,
javapoet,com.squareup.javapoet,ArrayTypeName,get,3,1,2,106,0,com.squareup.javapoet.ArrayTypeName,com.squareup.javapoet.ArrayTypeName
javapoet,com.squareup.javapoet,ClassName,ClassName,3,1,3,53,0,,
javapoet,com.squareup.javapoet,ClassName,ClassName,7,1,4,57,0,,
javapoet,com.squareup.javapoet,ClassName,annotated,3,1,1,68,0,,
javapoet,com.squareup.javapoet,ClassName,withoutAnnotations,5,2,0,73,0,com.squareup.javapoet.ClassName,com.squareup.javapoet.ClassName
javapoet,com.squareup.javapoet,ClassName,isAnnotated,3,1,0,81,0,com.squareup.javapoet.ClassName,com.squareup.javapoet.ClassName
javapoet,com.squareup.javapoet,ClassName,packageName,3,1,0,85,0,,
javapoet,com.squareup.javapoet,ClassName,enclosingClassName,3,1,0,93,0,,
javapoet,com.squareup.javapoet,ClassName,topLevelClassName,3,1,0,101,0,com.squareup.javapoet.ClassName,com.squareup.javapoet.ClassName
javapoet,com.squareup.javapoet,ClassName,reflectionName,3,1,0,109,0,com.squareup.javapoet.ClassName,com.squareup.javapoet.ClassName
javapoet,com.squareup.javapoet,ClassName,simpleNames,15,3,0,116,0,com.squareup.javapoet.ClassName,com.squareup.javapoet.ClassName
javapoet,com.squareup.javapoet,ClassName,peerClass,3,1,1,132,0,,
javapoet,com.squareup.javapoet,ClassName,nestedClass,3,1,1,141,0,,
javapoet,com.squareup.javapoet,ClassName,simpleName,3,1,0,149,0,,
javapoet,com.squareup.javapoet,ClassName,canonicalName,3,1,0,154,0,,
javapoet,com.squareup.javapoet,ClassName,get,19,3,1,162,0,com.squareup.javapoet.ClassName,com.squareup.javapoet.ClassName
javapoet,com.squareup.javapoet,ClassName,bestGuess,14,3,1,186,0,,
javapoet,com.squareup.javapoet,ClassName,get,7,2,3,214,0,com.squareup.javapoet.ClassName,com.squareup.javapoet.ClassName
javapoet,com.squareup.javapoet,ClassName,get,19,1,1,226,0,com.squareup.javapoet.ClassName,com.squareup.javapoet.ClassName
javapoet,com.squareup.javapoet,ClassName,visitPackage,3,1,2,232,0,,
javapoet,com.squareup.javapoet,ClassName,visitType,3,1,2,236,0,com.squareup.javapoet.ClassName,com.squareup.javapoet.ClassName
javapoet,com.squareup.javapoet,ClassName,visitUnknown,3,1,2,240,0,,
javapoet,com.squareup.javapoet,ClassName,defaultAction,3,1,2,244,0,,
javapoet,com.squareup.javapoet,ClassName,compareTo,3,1,1,250,0,,
javapoet,com.squareup.javapoet,ClassName,emit,32,7,1,254,0,com.squareup.javapoet.ClassName,com.squareup.javapoet.ClassName
javapoet,com.squareup.javapoet,ClassName,enclosingClasses,8,2,0,292,0,,
javapoet,com.squareup.javapoet,CodeBlock,CodeBlock,4,1,1,74,0,,
javapoet,com.squareup.javapoet,CodeBlock,isEmpty,3,1,0,79,0,,
javapoet,com.squareup.javapoet,CodeBlock,equals,6,4,1,83,0,com.squareup.javapoet.CodeBlock,com.squareup.javapoet.CodeBlock
javapoet,com.squareup.javapoet,CodeBlock,hashCode,3,1,0,90,0,com.squareup.javapoet.CodeBlock,com.squareup.javapoet.CodeBlock
javapoet,com.squareup.javapoet,CodeBlock,toString,10,1,0,94,0,,
javapoet,com.squareup.javapoet,CodeBlock,of,3,1,2,104,0,,
javapoet,com.squareup.javapoet,CodeBlock,join,3,1,2,108,0,com.squareup.javapoet.CodeBlock,com.squareup.javapoet.CodeBlock
javapoet,com.squareup.javapoet,CodeBlock,joining,3,1,1,117,0,com.squareup.javapoet.CodeBlock,com.squareup.javapoet.CodeBlock
javapoet,com.squareup.javapoet,CodeBlock,joining,8,1,3,130,0,com.squareup.javapoet.CodeBlock,com.squareup.javapoet.CodeBlock
javapoet,com.squareup.javapoet,CodeBlock,builder,3,1,0,148,0,,
javapoet,com.squareup.javapoet,CodeBlock,toBuilder,6,1,0,152,0,,
javapoet,com.squareup.javapoet,CodeWriter,CodeWriter,3,1,1,73,0,,
javapoet,com.squareup.javapoet,CodeWriter,CodeWriter,3,1,4,77,0,,
javapoet,com.squareup.javapoet,CodeWriter,CodeWriter,11,2,5,81,0,,
javapoet,com.squareup.javapoet,CodeWriter,importedTypes,3,1,0,97,0,,
javapoet,com.squareup.javapoet,CodeWriter,indent,3,1,0,101,0,com.squareup.javapoet.CodeWriter,com.squareup.javapoet.CodeWriter
javapoet,com.squareup.javapoet,CodeWriter,indent,4,1,1,105,0,,
javapoet,com.squareup.javapoet,CodeWriter,unindent,3,1,0,110,0,com.squareup.javapoet.CodeWriter,com.squareup.javapoet.CodeWriter
javapoet,com.squareup.javapoet,CodeWriter,unindent,5,1,1,114,0,,
javapoet,com.squareup.javapoet,CodeWriter,pushPackage,5,1,1,120,0,,
javapoet,com.squareup.javapoet,CodeWriter,popPackage,5,1,0,126,0,,
javapoet,com.squareup.javapoet,CodeWriter,pushType,4,1,1,132,0,,
javapoet,com.squareup.javapoet,CodeWriter,popType,4,1,0,137,0,,
javapoet,com.squareup.javapoet,CodeWriter,emitComment,11,1,1,142,0,com.squareup.javapoet.CodeWriter,com.squareup.javapoet.CodeWriter
javapoet,com.squareup.javapoet,CodeWriter,emitJavadoc,12,2,1,153,0,com.squareup.javapoet.CodeWriter,com.squareup.javapoet.CodeWriter
javapoet,com.squareup.javapoet,CodeWriter,emitAnnotations,6,2,2,166,0,com.squareup.javapoet.CodeWriter,com.squareup.javapoet.CodeWriter
javapoet,com.squareup.javapoet,CodeWriter,emitModifiers,8,4,2,173,0,com.squareup.javapoet.CodeWriter,com.squareup.javapoet.CodeWriter
javapoet,com.squareup.javapoet,CodeWriter,emitModifiers,3,1,1,187,0,com.squareup.javapoet.CodeWriter,com.squareup.javapoet.CodeWriter
javapoet,com.squareup.javapoet,CodeWriter,emitTypeVariables,18,5,1,191,0,com.squareup.javapoet.CodeWriter,com.squareup.javapoet.CodeWriter
javapoet,com.squareup.javapoet,CodeWriter,popTypeVariables,3,1,1,216,0,,
javapoet,com.squareup.javapoet,CodeWriter,emit,3,1,1,220,0,com.squareup.javapoet.CodeWriter,com.squareup.javapoet.CodeWriter
javapoet,com.squareup.javapoet,CodeWriter,emit,3,1,2,224,0,com.squareup.javapoet.CodeWriter,com.squareup.javapoet.CodeWriter
javapoet,com.squareup.javapoet,CodeWriter,emit,3,1,1,228,0,,
javapoet,com.squareup.javapoet,CodeWriter,emit,0,21,2,232,0,com.squareup.javapoet.CodeWriter,com.squareup.javapoet.CodeWriter
javapoet,com.squareup.javapoet,CodeWriter,emitWrappingSpace,4,1,0,327,0,,
javapoet,com.squareup.javapoet,CodeWriter,extractMemberName,9,3,1,332,0,,
javapoet,com.squareup.javapoet,CodeWriter,emitStaticImportMember,13,4,2,342,0,com.squareup.javapoet.CodeWriter,com.squareup.javapoet.CodeWriter
javapoet,com.squareup.javapoet,CodeWriter,emitLiteral,17,4,1,356,0,com.squareup.javapoet.CodeWriter,com.squareup.javapoet.CodeWriter
javapoet,com.squareup.javapoet,CodeWriter,lookupName,26,7,1,371,0,com.squareup.javapoet.CodeWriter,com.squareup.javapoet.CodeWriter
javapoet,com.squareup.javapoet,CodeWriter,importableType,14,4,1,416,0,,
javapoet,com.squareup.javapoet,CodeWriter,resolve,14,5,1,431,0,com.squareup.javapoet.CodeWriter,com.squareup.javapoet.CodeWriter
javapoet,com.squareup.javapoet,CodeWriter,stackClassName,7,2,2,458,0,,
javapoet,com.squareup.javapoet,CodeWriter,emitAndIndent,33,10,1,467,0,com.squareup.javapoet.CodeWriter,com.squareup.javapoet.CodeWriter
javapoet,com.squareup.javapoet,CodeWriter,emitIndentation,5,2,0,510,0,,
javapoet,com.squareup.javapoet,CodeWriter,suggestedImports,5,1,0,516,0,,
javapoet,com.squareup.javapoet,FieldSpec,FieldSpec,8,1,1,40,0,,
javapoet,com.squareup.javapoet,FieldSpec,hasModifier,3,1,1,51,0,,
javapoet,com.squareup.javapoet,FieldSpec,emit,11,2,2,55,0,,
javapoet,com.squareup.javapoet,FieldSpec,equals,6,4,1,67,0,com.squareup.javapoet.FieldSpec,com.squareup.javapoet.FieldSpec
javapoet,com.squareup.javapoet,FieldSpec,hashCode,3,1,0,74,0,com.squareup.javapoet.FieldSpec,com.squareup.javapoet.FieldSpec
javapoet,com.squareup.javapoet,FieldSpec,toString,11,1,0,78,0,com.squareup.javapoet.FieldSpec,com.squareup.javapoet.FieldSpec
javapoet,com.squareup.javapoet,FieldSpec,builder,5,1,3,89,0,,
javapoet,com.squareup.javapoet,FieldSpec,builder,3,1,3,96,0,,
javapoet,com.squareup.javapoet,FieldSpec,toBuilder,8,1,0,100,0,,
javapoet,com.squareup.javapoet,JavaFile,append,3,1,1,48,0,,
javapoet,com.squareup.javapoet,JavaFile,append,3,1,3,51,0,,
javapoet,com.squareup.javapoet,JavaFile,append,3,1,1,54,0,,
javapoet,com.squareup.javapoet,JavaFile,JavaFile,11,1,1,67,0,com.squareup.javapoet.JavaFile,com.squareup.javapoet.JavaFile
javapoet,com.squareup.javapoet,JavaFile,fillAlwaysQualifiedNames,6,2,2,80,0,com.squareup.javapoet.JavaFile,com.squareup.javapoet.JavaFile
javapoet,com.squareup.javapoet,JavaFile,writeTo,7,1,1,87,0,com.squareup.javapoet.JavaFile,com.squareup.javapoet.JavaFile
javapoet,com.squareup.javapoet,JavaFile,writeTo,3,1,1,104,0,com.squareup.javapoet.JavaFile,com.squareup.javapoet.JavaFile
javapoet,com.squareup.javapoet,JavaFile,writeTo,3,1,2,109,0,com.squareup.javapoet.JavaFile,com.squareup.javapoet.JavaFile
javapoet,com.squareup.javapoet,JavaFile,writeToPath,3,1,1,117,0,com.squareup.javapoet.JavaFile,com.squareup.javapoet.JavaFile
javapoet,com.squareup.javapoet,JavaFile,writeToPath,15,3,2,125,0,com.squareup.javapoet.JavaFile,com.squareup.javapoet.JavaFile
javapoet,com.squareup.javapoet,JavaFile,writeTo,3,1,1,149,0,,
javapoet,com.squareup.javapoet,JavaFile,writeToFile,4,1,1,154,0,com.squareup.javapoet.JavaFile,com.squareup.javapoet.JavaFile
javapoet,com.squareup.javapoet,JavaFile,writeTo,16,1,1,163,0,com.squareup.javapoet.JavaFile,com.squareup.javapoet.JavaFile
javapoet,com.squareup.javapoet,JavaFile,emit,29,8,1,182,0,,
javapoet,com.squareup.javapoet,JavaFile,equals,6,4,1,222,0,com.squareup.javapoet.JavaFile,com.squareup.javapoet.JavaFile
javapoet,com.squareup.javapoet,JavaFile,hashCode,3,1,0,229,0,com.squareup.javapoet.JavaFile,com.squareup.javapoet.JavaFile
javapoet,com.squareup.javapoet,JavaFile,toString,10,1,0,233,0,com.squareup.javapoet.JavaFile,com.squareup.javapoet.JavaFile
javapoet,com.squareup.javapoet,JavaFile,toJavaFileObject,16,1,0,243,0,com.squareup.javapoet.JavaFile,com.squareup.javapoet.JavaFile
javapoet,com.squareup.javapoet,JavaFile,getCharContent,3,1,1,250,0,com.squareup.javapoet.JavaFile,com.squareup.javapoet.JavaFile
javapoet,com.squareup.javapoet,JavaFile,openInputStream,3,1,0,253,0,,
javapoet,com.squareup.javapoet,JavaFile,getLastModified,3,1,0,256,0,,
javapoet,com.squareup.javapoet,JavaFile,builder,5,1,2,262,0,,
javapoet,com.squareup.javapoet,JavaFile,toBuilder,7,1,0,268,0,,
javapoet,com.squareup.javapoet,LineWrapper,LineWrapper,6,1,3,48,0,,
javapoet,com.squareup.javapoet,LineWrapper,lastChar,3,1,0,55,0,,
javapoet,com.squareup.javapoet,LineWrapper,append,16,4,1,60,0,com.squareup.javapoet.LineWrapper,com.squareup.javapoet.LineWrapper
javapoet,com.squareup.javapoet,LineWrapper,wrappingSpace,7,3,1,87,0,com.squareup.javapoet.LineWrapper,com.squareup.javapoet.LineWrapper
javapoet,com.squareup.javapoet,LineWrapper,zeroWidthSpace,7,4,1,97,0,com.squareup.javapoet.LineWrapper,com.squareup.javapoet.LineWrapper
javapoet,com.squareup.javapoet,LineWrapper,close,4,2,0,107,0,com.squareup.javapoet.LineWrapper,com.squareup.javapoet.LineWrapper
javapoet,com.squareup.javapoet,LineWrapper,flush,0,5,1,113,0,,
javapoet,com.squareup.javapoet,MethodSpec,MethodSpec,16,1,1,58,0,com.squareup.javapoet.MethodSpec,com.squareup.javapoet.MethodSpec
javapoet,com.squareup.javapoet,MethodSpec,lastParameterIsArray,3,1,1,78,0,,
javapoet,com.squareup.javapoet,MethodSpec,emit,51,11,3,83,0,com.squareup.javapoet.MethodSpec,com.squareup.javapoet.MethodSpec
javapoet,com.squareup.javapoet,MethodSpec,javadocWithParameters,12,4,0,143,0,,
javapoet,com.squareup.javapoet,MethodSpec,hasModifier,3,1,1,157,0,,
javapoet,com.squareup.javapoet,MethodSpec,isConstructor,3,1,0,161,0,,
javapoet,com.squareup.javapoet,MethodSpec,equals,6,4,1,165,0,com.squareup.javapoet.MethodSpec,com.squareup.javapoet.MethodSpec
javapoet,com.squareup.javapoet,MethodSpec,hashCode,3,1,0,172,0,com.squareup.javapoet.MethodSpec,com.squareup.javapoet.MethodSpec
javapoet,com.squareup.javapoet,MethodSpec,toString,11,1,0,176,0,com.squareup.javapoet.MethodSpec,com.squareup.javapoet.MethodSpec
javapoet,com.squareup.javapoet,MethodSpec,methodBuilder,3,1,1,187,0,,
javapoet,com.squareup.javapoet,MethodSpec,constructorBuilder,3,1,0,191,0,,
javapoet,com.squareup.javapoet,MethodSpec,overriding,29,5,1,195,0,com.squareup.javapoet.MethodSpec,com.squareup.javapoet.MethodSpec
javapoet,com.squareup.javapoet,MethodSpec,overriding,18,3,3,245,0,com.squareup.javapoet.MethodSpec,com.squareup.javapoet.MethodSpec
javapoet,com.squareup.javapoet,MethodSpec,toBuilder,14,1,0,279,0,,
javapoet,com.squareup.javapoet,NameAllocator,NameAllocator,3,1,0,85,0,,
javapoet,com.squareup.javapoet,NameAllocator,NameAllocator,4,1,2,89,0,,
javapoet,com.squareup.javapoet,NameAllocator,newName,3,1,1,95,0,com.squareup.javapoet.NameAllocator,com.squareup.javapoet.NameAllocator
javapoet,com.squareup.javapoet,NameAllocator,newName,14,3,2,103,0,com.squareup.javapoet.NameAllocator,com.squareup.javapoet.NameAllocator
javapoet,com.squareup.javapoet,NameAllocator,toJavaIdentifier,13,3,1,128,0,,
javapoet,com.squareup.javapoet,NameAllocator,get,7,2,1,145,0,,
javapoet,com.squareup.javapoet,NameAllocator,clone,3,1,0,154,0,,
javapoet,com.squareup.javapoet,ParameterizedTypeName,ParameterizedTypeName,3,1,3,36,0,,
javapoet,com.squareup.javapoet,ParameterizedTypeName,ParameterizedTypeName,10,2,4,41,0,,
javapoet,com.squareup.javapoet,ParameterizedTypeName,annotated,3,1,1,56,0,,
javapoet,com.squareup.javapoet,ParameterizedTypeName,withoutAnnotations,3,1,0,61,0,,
javapoet,com.squareup.javapoet,ParameterizedTypeName,emit,25,6,1,67,0,com.squareup.javapoet.ParameterizedTypeName,com.squareup.javapoet.ParameterizedTypeName
javapoet,com.squareup.javapoet,ParameterizedTypeName,nestedClass,4,1,1,92,0,,
javapoet,com.squareup.javapoet,ParameterizedTypeName,nestedClass,4,1,2,102,0,,
javapoet,com.squareup.javapoet,ParameterizedTypeName,get,3,1,2,112,0,,
javapoet,com.squareup.javapoet,ParameterizedTypeName,get,3,1,2,117,0,,
javapoet,com.squareup.javapoet,ParameterizedTypeName,get,3,1,1,122,0,,
javapoet,com.squareup.javapoet,ParameterizedTypeName,get,6,1,2,127,0,,
javapoet,com.squareup.javapoet,ParameterSpec,ParameterSpec,7,1,1,41,0,,
javapoet,com.squareup.javapoet,ParameterSpec,hasModifier,3,1,1,49,0,,
javapoet,com.squareup.javapoet,ParameterSpec,emit,11,2,2,53,0,,
javapoet,com.squareup.javapoet,ParameterSpec,equals,6,4,1,64,0,com.squareup.javapoet.ParameterSpec,com.squareup.javapoet.ParameterSpec
javapoet,com.squareup.javapoet,ParameterSpec,hashCode,3,1,0,71,0,com.squareup.javapoet.ParameterSpec,com.squareup.javapoet.ParameterSpec
javapoet,com.squareup.javapoet,ParameterSpec,toString,11,1,0,75,0,com.squareup.javapoet.ParameterSpec,com.squareup.javapoet.ParameterSpec
javapoet,com.squareup.javapoet,ParameterSpec,get,6,1,1,86,0,,
javapoet,com.squareup.javapoet,ParameterSpec,parametersOf,7,2,1,98,0,com.squareup.javapoet.ParameterSpec,com.squareup.javapoet.ParameterSpec
javapoet,com.squareup.javapoet,ParameterSpec,isValidParameterName,6,2,1,106,0,,
javapoet,com.squareup.javapoet,ParameterSpec,builder,5,1,3,115,0,com.squareup.javapoet.ParameterSpec,com.squareup.javapoet.ParameterSpec
javapoet,com.squareup.javapoet,ParameterSpec,builder,3,1,3,122,0,,
javapoet,com.squareup.javapoet,ParameterSpec,toBuilder,3,1,0,126,0,com.squareup.javapoet.ParameterSpec,com.squareup.javapoet.ParameterSpec
javapoet,com.squareup.javapoet,ParameterSpec,toBuilder,6,1,2,130,0,,
javapoet,com.squareup.javapoet,TypeName,TypeName,3,1,1,97,0,,
javapoet,com.squareup.javapoet,TypeName,TypeName,4,1,2,101,0,,
javapoet,com.squareup.javapoet,TypeName,TypeName,3,1,1,107,0,,
javapoet,com.squareup.javapoet,TypeName,annotated,3,1,1,111,0,,
javapoet,com.squareup.javapoet,TypeName,annotated,4,1,1,115,0,com.squareup.javapoet.TypeName,com.squareup.javapoet.TypeName
javapoet,com.squareup.javapoet,TypeName,withoutAnnotations,3,1,0,120,0,,
javapoet,com.squareup.javapoet,TypeName,concatAnnotations,5,1,1,124,0,,
javapoet,com.squareup.javapoet,TypeName,isAnnotated,3,1,0,130,0,,
javapoet,com.squareup.javapoet,TypeName,isPrimitive,3,1,0,134,0,,
javapoet,com.squareup.javapoet,TypeName,isBoxedPrimitive,3,1,0,142,0,com.squareup.javapoet.TypeName,com.squareup.javapoet.TypeName
javapoet,com.squareup.javapoet,TypeName,box,13,11,0,157,0,,
javapoet,com.squareup.javapoet,TypeName,unbox,13,11,0,175,0,com.squareup.javapoet.TypeName,com.squareup.javapoet.TypeName
javapoet,com.squareup.javapoet,TypeName,equals,6,4,1,195,0,com.squareup.javapoet.TypeName,com.squareup.javapoet.TypeName
javapoet,com.squareup.javapoet,TypeName,hashCode,3,1,0,202,0,com.squareup.javapoet.TypeName,com.squareup.javapoet.TypeName
javapoet,com.squareup.javapoet,TypeName,toString,16,2,0,206,0,com.squareup.javapoet.TypeName,com.squareup.javapoet.TypeName
javapoet,com.squareup.javapoet,TypeName,emit,8,3,1,222,0,com.squareup.javapoet.TypeName,com.squareup.javapoet.TypeName
javapoet,com.squareup.javapoet,TypeName,emitAnnotations,7,2,1,232,0,,
javapoet,com.squareup.javapoet,TypeName,get,3,1,1,241,0,com.squareup.javapoet.TypeName,com.squareup.javapoet.TypeName
javapoet,com.squareup.javapoet,TypeName,get,0,12,2,246,0,com.squareup.javapoet.TypeName,com.squareup.javapoet.TypeName
javapoet,com.squareup.javapoet,TypeName,visitPrimitive,0,9,2,249,0,,
javapoet,com.squareup.javapoet,TypeName,visitDeclared,13,3,2,272,0,com.squareup.javapoet.TypeName,com.squareup.javapoet.TypeName
javapoet,com.squareup.javapoet,TypeName,visitError,3,1,2,294,0,,
javapoet,com.squareup.javapoet,TypeName,visitArray,3,1,2,298,0,,
javapoet,com.squareup.javapoet,TypeName,visitTypeVariable,3,1,2,302,0,,
javapoet,com.squareup.javapoet,TypeName,visitWildcard,3,1,2,306,0,,
javapoet,com.squareup.javapoet,TypeName,visitNoType,4,2,2,310,0,,
javapoet,com.squareup.javapoet,TypeName,defaultAction,3,1,2,315,0,,
javapoet,com.squareup.javapoet,TypeName,get,3,1,1,321,0,,
javapoet,com.squareup.javapoet,TypeName,get,31,16,2,326,0,,
javapoet,com.squareup.javapoet,TypeName,list,3,1,1,358,0,com.squareup.javapoet.TypeName,com.squareup.javapoet.TypeName
javapoet,com.squareup.javapoet,TypeName,list,7,2,2,363,0,,
javapoet,com.squareup.javapoet,TypeName,arrayComponent,3,1,1,371,0,,
javapoet,com.squareup.javapoet,TypeName,asArray,3,1,1,378,0,,
javapoet,com.squareup.javapoet,TypeSpec,TypeSpec,26,2,1,68,0,,
javapoet,com.squareup.javapoet,TypeSpec,TypeSpec,21,1,1,97,0,,
javapoet,com.squareup.javapoet,TypeSpec,hasModifier,3,1,1,123,0,,
javapoet,com.squareup.javapoet,TypeSpec,classBuilder,3,1,1,127,0,,
javapoet,com.squareup.javapoet,TypeSpec,classBuilder,3,1,1,131,0,com.squareup.javapoet.TypeSpec,com.squareup.javapoet.TypeSpec
javapoet,com.squareup.javapoet,TypeSpec,interfaceBuilder,3,1,1,135,0,,
javapoet,com.squareup.javapoet,TypeSpec,interfaceBuilder,3,1,1,139,0,com.squareup.javapoet.TypeSpec,com.squareup.javapoet.TypeSpec
javapoet,com.squareup.javapoet,TypeSpec,enumBuilder,3,1,1,143,0,,
javapoet,com.squareup.javapoet,TypeSpec,enumBuilder,3,1,1,147,0,com.squareup.javapoet.TypeSpec,com.squareup.javapoet.TypeSpec
javapoet,com.squareup.javapoet,TypeSpec,anonymousClassBuilder,3,1,2,151,0,com.squareup.javapoet.TypeSpec,com.squareup.javapoet.TypeSpec
javapoet,com.squareup.javapoet,TypeSpec,anonymousClassBuilder,3,1,1,155,0,,
javapoet,com.squareup.javapoet,TypeSpec,annotationBuilder,3,1,1,159,0,,
javapoet,com.squareup.javapoet,TypeSpec,annotationBuilder,3,1,1,163,0,com.squareup.javapoet.TypeSpec,com.squareup.javapoet.TypeSpec
javapoet,com.squareup.javapoet,TypeSpec,toBuilder,18,1,0,167,0,,
javapoet,com.squareup.javapoet,TypeSpec,emit,135,37,3,186,0,com.squareup.javapoet.TypeSpec,com.squareup.javapoet.TypeSpec
javapoet,com.squareup.javapoet,TypeSpec,equals,6,4,1,348,0,com.squareup.javapoet.TypeSpec,com.squareup.javapoet.TypeSpec
javapoet,com.squareup.javapoet,TypeSpec,hashCode,3,1,0,355,0,com.squareup.javapoet.TypeSpec,com.squareup.javapoet.TypeSpec
javapoet,com.squareup.javapoet,TypeSpec,toString,11,1,0,359,0,com.squareup.javapoet.TypeSpec,com.squareup.javapoet.TypeSpec
javapoet,com.squareup.javapoet,TypeSpec,Kind,6,1,4,400,0,,
javapoet,com.squareup.javapoet,TypeVariableName,TypeVariableName,3,1,2,38,0,,
javapoet,com.squareup.javapoet,TypeVariableName,TypeVariableName,8,2,3,42,0,,
javapoet,com.squareup.javapoet,TypeVariableName,annotated,3,1,1,52,0,,
javapoet,com.squareup.javapoet,TypeVariableName,withoutAnnotations,3,1,0,56,0,,
javapoet,com.squareup.javapoet,TypeVariableName,withBounds,3,1,1,60,0,,
javapoet,com.squareup.javapoet,TypeVariableName,withBounds,3,1,1,64,0,,
javapoet,com.squareup.javapoet,TypeVariableName,withBounds,6,1,1,68,0,,
javapoet,com.squareup.javapoet,TypeVariableName,of,5,1,2,75,0,,
javapoet,com.squareup.javapoet,TypeVariableName,emit,4,1,1,82,0,,
javapoet,com.squareup.javapoet,TypeVariableName,get,3,1,1,87,0,com.squareup.javapoet.TypeVariableName,com.squareup.javapoet.TypeVariableName
javapoet,com.squareup.javapoet,TypeVariableName,get,3,1,2,92,0,com.squareup.javapoet.TypeVariableName,com.squareup.javapoet.TypeVariableName
javapoet,com.squareup.javapoet,TypeVariableName,get,3,1,2,97,0,com.squareup.javapoet.TypeVariableName,com.squareup.javapoet.TypeVariableName
javapoet,com.squareup.javapoet,TypeVariableName,get,3,1,1,102,0,,
javapoet,com.squareup.javapoet,TypeVariableName,get,15,3,2,107,0,,
javapoet,com.squareup.javapoet,TypeVariableName,get,9,2,1,134,0,com.squareup.javapoet.TypeVariableName,com.squareup.javapoet.TypeVariableName
javapoet,com.squareup.javapoet,TypeVariableName,get,3,1,1,147,0,,
javapoet,com.squareup.javapoet,TypeVariableName,get,14,3,2,152,0,,
javapoet,com.squareup.javapoet,Util,Util,2,1,0,36,0,,
javapoet,com.squareup.javapoet,Util,immutableMultimap,8,3,1,39,0,,
javapoet,com.squareup.javapoet,Util,immutableMap,3,1,1,48,0,,
javapoet,com.squareup.javapoet,Util,checkArgument,3,2,3,52,0,,
javapoet,com.squareup.javapoet,Util,checkNotNull,4,2,3,56,0,,
javapoet,com.squareup.javapoet,Util,checkState,3,2,3,61,0,,
javapoet,com.squareup.javapoet,Util,immutableList,3,1,1,65,0,,
javapoet,com.squareup.javapoet,Util,immutableSet,3,1,1,69,0,,
javapoet,com.squareup.javapoet,Util,union,6,1,2,73,0,,
javapoet,com.squareup.javapoet,Util,requireExactlyOneOf,7,3,2,80,0,,
javapoet,com.squareup.javapoet,Util,characterLiteralWithoutSingleQuotes,0,9,1,89,0,,
javapoet,com.squareup.javapoet,Util,stringLiteralWithDoubleQuotes,21,5,2,105,0,com.squareup.javapoet.Util,com.squareup.javapoet.Util
javapoet,com.squareup.javapoet,WildcardTypeName,WildcardTypeName,3,1,2,35,0,,
javapoet,com.squareup.javapoet,WildcardTypeName,WildcardTypeName,12,3,3,39,0,,
javapoet,com.squareup.javapoet,WildcardTypeName,annotated,3,1,1,56,0,,
javapoet,com.squareup.javapoet,WildcardTypeName,withoutAnnotations,3,1,0,60,0,,
javapoet,com.squareup.javapoet,WildcardTypeName,emit,6,2,1,64,0,,
javapoet,com.squareup.javapoet,WildcardTypeName,subtypeOf,3,1,1,73,0,,
javapoet,com.squareup.javapoet,WildcardTypeName,subtypeOf,3,1,1,83,0,com.squareup.javapoet.WildcardTypeName,com.squareup.javapoet.WildcardTypeName
javapoet,com.squareup.javapoet,WildcardTypeName,supertypeOf,3,1,1,87,0,,
javapoet,com.squareup.javapoet,WildcardTypeName,supertypeOf,3,1,1,96,0,com.squareup.javapoet.WildcardTypeName,com.squareup.javapoet.WildcardTypeName
javapoet,com.squareup.javapoet,WildcardTypeName,get,3,1,1,100,0,com.squareup.javapoet.WildcardTypeName,com.squareup.javapoet.WildcardTypeName
javapoet,com.squareup.javapoet,WildcardTypeName,get,15,3,2,104,0,com.squareup.javapoet.WildcardTypeName,com.squareup.javapoet.WildcardTypeName
javapoet,com.squareup.javapoet,WildcardTypeName,get,3,1,1,120,0,,
javapoet,com.squareup.javapoet,WildcardTypeName,get,3,1,2,124,0,,
javapoet,com.squareup.javapoet,AbstractTypesTest,getElements,0,1,0,53,0,,
javapoet,com.squareup.javapoet,AbstractTypesTest,getTypes,0,1,0,54,0,,
javapoet,com.squareup.javapoet,AbstractTypesTest,getElement,3,1,1,56,0,,
javapoet,com.squareup.javapoet,AbstractTypesTest,getMirror,3,1,1,60,0,,
javapoet,com.squareup.javapoet,AbstractTypesTest,getBasicTypeMirror,5,1,0,64,1,,
javapoet,com.squareup.javapoet,AbstractTypesTest,getParameterizedTypeMirror,4,1,0,73,1,,
javapoet,com.squareup.javapoet,AbstractTypesTest,errorTypes,19,1,0,80,1,,
javapoet,com.squareup.javapoet,AbstractTypesTest,process,9,1,2,92,0,,
javapoet,com.squareup.javapoet,AbstractTypesTest,getSupportedAnnotationTypes,3,1,0,105,0,,
javapoet,com.squareup.javapoet,AbstractTypesTest,getTypeVariableTypeMirror,13,1,0,122,1,,
javapoet,com.squareup.javapoet,AbstractTypesTest,getTypeVariableTypeMirrorRecursive,15,1,0,149,1,,
javapoet,com.squareup.javapoet,AbstractTypesTest,getPrimitiveTypeMirror,10,1,0,169,1,,
javapoet,com.squareup.javapoet,AbstractTypesTest,getArrayTypeMirror,3,1,0,188,1,,
javapoet,com.squareup.javapoet,AbstractTypesTest,getVoidTypeMirror,3,1,0,193,1,,
javapoet,com.squareup.javapoet,AbstractTypesTest,getNullTypeMirror,8,1,0,198,1,,
javapoet,com.squareup.javapoet,AbstractTypesTest,parameterizedType,4,1,0,206,1,,
javapoet,com.squareup.javapoet,AbstractTypesTest,arrayType,4,1,0,211,1,,
javapoet,com.squareup.javapoet,AbstractTypesTest,wildcardExtendsType,4,1,0,216,1,,
javapoet,com.squareup.javapoet,AbstractTypesTest,wildcardExtendsObject,4,1,0,221,1,,
javapoet,com.squareup.javapoet,AbstractTypesTest,wildcardSuperType,4,1,0,226,1,,
javapoet,com.squareup.javapoet,AbstractTypesTest,wildcardMirrorNoBounds,5,1,0,231,1,,
javapoet,com.squareup.javapoet,AbstractTypesTest,wildcardMirrorExtendsType,8,1,0,237,1,,
javapoet,com.squareup.javapoet,AbstractTypesTest,wildcardMirrorSuperType,8,1,0,246,1,,
javapoet,com.squareup.javapoet,AbstractTypesTest,typeVariable,4,1,0,255,1,,
javapoet,com.squareup.javapoet,AbstractTypesTest,box,8,1,0,260,1,,
javapoet,com.squareup.javapoet,AbstractTypesTest,unbox,18,1,0,269,1,,
javapoet,com.squareup.javapoet,AnnotatedTypeNameTest,nullAnnotationArray,3,1,0,46,0,,
javapoet,com.squareup.javapoet,AnnotatedTypeNameTest,nullAnnotationList,3,1,0,50,0,,
javapoet,com.squareup.javapoet,AnnotatedTypeNameTest,annotated,8,1,0,54,1,,
javapoet,com.squareup.javapoet,AnnotatedTypeNameTest,annotatedType,5,1,0,64,1,,
javapoet,com.squareup.javapoet,AnnotatedTypeNameTest,annotatedTwice,5,1,0,70,1,,
javapoet,com.squareup.javapoet,AnnotatedTypeNameTest,annotatedParameterizedType,5,1,0,79,1,,
javapoet,com.squareup.javapoet,AnnotatedTypeNameTest,annotatedArgumentOfParameterizedType,5,1,0,85,1,,
javapoet,com.squareup.javapoet,AnnotatedTypeNameTest,annotatedWildcardTypeNameWithSuper,5,1,0,91,1,,
javapoet,com.squareup.javapoet,AnnotatedTypeNameTest,annotatedWildcardTypeNameWithExtends,5,1,0,97,1,,
javapoet,com.squareup.javapoet,AnnotatedTypeNameTest,annotatedEquivalence,8,1,0,103,1,,
javapoet,com.squareup.javapoet,AnnotatedTypeNameTest,annotatedEquivalence,9,1,1,112,0,,
javapoet,com.squareup.javapoet,AnnotatedTypeNameTest,annotatedNestedType,4,1,0,124,1,,
javapoet,com.squareup.javapoet,AnnotatedTypeNameTest,annotatedEnclosingAndNestedType,4,1,0,129,1,,
javapoet,com.squareup.javapoet,AnnotatedTypeNameTest,annotatedNestedParameterizedType,4,1,0,136,1,,
javapoet,com.squareup.javapoet,AnnotatedTypeNameTest,withoutAnnotationsOnAnnotatedEnclosingAndNestedType,5,1,0,143,1,,
javapoet,com.squareup.javapoet,AnnotatedTypeNameTest,withoutAnnotationsOnAnnotatedEnclosingType,5,1,0,150,1,,
javapoet,com.squareup.javapoet,AnnotatedTypeNameTest,withoutAnnotationsOnAnnotatedNestedType,5,1,0,157,1,,
javapoet,com.squareup.javapoet,AnnotatedTypeNameTest,annotatedArrayType,4,1,0,165,1,,
javapoet,com.squareup.javapoet,AnnotatedTypeNameTest,annotatedArrayElementType,4,1,0,170,1,,
javapoet,com.squareup.javapoet,AnnotatedTypeNameTest,annotatedOuterMultidimensionalArrayType,4,1,0,176,1,,
javapoet,com.squareup.javapoet,AnnotatedTypeNameTest,annotatedInnerMultidimensionalArrayType,4,1,0,183,1,,
javapoet,com.squareup.javapoet,AnnotatedTypeNameTest,annotatedArrayTypeVarargsParameter,5,1,0,190,1,,
javapoet,com.squareup.javapoet,AnnotatedTypeNameTest,annotatedArrayTypeInVarargsParameter,5,1,0,205,1,,
javapoet,com.squareup.javapoet,AnnotatedTypeNameTest,testWithoutAnnotations,6,1,0,218,1,,
javapoet,com.squareup.javapoet,AnnotatedTypeNameTest,testGet,8,1,0,225,1,,
javapoet,com.squareup.javapoet,AnnotatedTypeNameTest,get,4,1,1,244,0,,
javapoet,com.squareup.javapoet,AnnotationSpecTest,toString,3,1,0,50,0,,
javapoet,com.squareup.javapoet,AnnotationSpecTest,equalsAndHashCode,10,1,0,109,1,,
javapoet,com.squareup.javapoet,AnnotationSpecTest,defaultAnnotation,7,1,0,120,1,,
javapoet,com.squareup.javapoet,AnnotationSpecTest,defaultAnnotationWithImport,9,1,0,157,1,,
javapoet,com.squareup.javapoet,AnnotationSpecTest,emptyArray,7,1,0,193,1,,
javapoet,com.squareup.javapoet,AnnotationSpecTest,dynamicArrayOfEnumConstants,12,1,0,206,1,,
javapoet,com.squareup.javapoet,AnnotationSpecTest,defaultAnnotationToBuilder,7,1,0,245,1,,
javapoet,com.squareup.javapoet,AnnotationSpecTest,reflectAnnotation,6,1,0,264,1,,
javapoet,com.squareup.javapoet,AnnotationSpecTest,reflectAnnotationWithDefaults,6,1,0,298,1,,
javapoet,com.squareup.javapoet,AnnotationSpecTest,disallowsNullMemberName,10,1,0,356,1,,
javapoet,com.squareup.javapoet,AnnotationSpecTest,requiresValidMemberName,10,1,0,366,1,,
javapoet,com.squareup.javapoet,AnnotationSpecTest,modifyMembers,6,1,0,376,1,,
javapoet,com.squareup.javapoet,AnnotationSpecTest,toString,3,1,1,386,0,,
javapoet,com.squareup.javapoet,ClassNameTest,bestGuessForString_simpleClass,3,1,0,39,1,,
javapoet,com.squareup.javapoet,ClassNameTest,bestGuessNonAscii,5,1,0,44,1,,
javapoet,com.squareup.javapoet,ClassNameTest,bestGuessForString_nestedClass,4,1,0,55,1,,
javapoet,com.squareup.javapoet,ClassNameTest,bestGuessForString_defaultPackage,5,1,0,63,1,,
javapoet,com.squareup.javapoet,ClassNameTest,bestGuessForString_confusingInput,14,1,0,72,1,,
javapoet,com.squareup.javapoet,ClassNameTest,assertBestGuessThrows,8,1,1,87,0,,
javapoet,com.squareup.javapoet,ClassNameTest,createNestedClass,7,1,0,95,1,,
javapoet,com.squareup.javapoet,ClassNameTest,classNameFromTypeElement,9,1,0,107,1,,
javapoet,com.squareup.javapoet,ClassNameTest,classNameFromTypeElementDoesntUseGetKind,9,1,0,117,1,,
javapoet,com.squareup.javapoet,ClassNameTest,preventGetKind,10,1,1,135,0,,
javapoet,com.squareup.javapoet,ClassNameTest,classNameFromClass,15,1,0,148,1,,
javapoet,com.squareup.javapoet,ClassNameTest,peerClass,5,1,0,163,1,,
javapoet,com.squareup.javapoet,ClassNameTest,fromClassRejectionTypes,20,1,0,172,1,,
javapoet,com.squareup.javapoet,ClassNameTest,reflectionName,8,1,0,190,1,,
javapoet,com.squareup.javapoet,ClassNameTest,canonicalName,8,1,0,200,1,,
javapoet,com.squareup.javapoet,CodeBlockTest,equalsAndHashCode,10,1,0,29,1,,
javapoet,com.squareup.javapoet,CodeBlockTest,of,4,1,0,40,1,,
javapoet,com.squareup.javapoet,CodeBlockTest,isEmpty,5,1,0,45,1,,
javapoet,com.squareup.javapoet,CodeBlockTest,indentCannotBeIndexed,9,1,0,51,1,,
javapoet,com.squareup.javapoet,CodeBlockTest,deindentCannotBeIndexed,9,1,0,62,1,,
javapoet,com.squareup.javapoet,CodeBlockTest,dollarSignEscapeCannotBeIndexed,9,1,0,73,1,,
javapoet,com.squareup.javapoet,CodeBlockTest,statementBeginningCannotBeIndexed,9,1,0,84,1,,
javapoet,com.squareup.javapoet,CodeBlockTest,statementEndingCannotBeIndexed,9,1,0,95,1,,
javapoet,com.squareup.javapoet,CodeBlockTest,nameFormatCanBeIndexed,4,1,0,106,1,,
javapoet,com.squareup.javapoet,CodeBlockTest,literalFormatCanBeIndexed,4,1,0,111,1,,
javapoet,com.squareup.javapoet,CodeBlockTest,stringFormatCanBeIndexed,4,1,0,116,1,,
javapoet,com.squareup.javapoet,CodeBlockTest,typeFormatCanBeIndexed,4,1,0,121,1,,
javapoet,com.squareup.javapoet,CodeBlockTest,simpleNamedArgument,6,1,0,126,1,,
javapoet,com.squareup.javapoet,CodeBlockTest,repeatedNamedArgument,6,1,0,133,1,,
javapoet,com.squareup.javapoet,CodeBlockTest,namedAndNoArgFormat,6,1,0,143,1,,
javapoet,com.squareup.javapoet,CodeBlockTest,missingNamedArgument,10,1,0,151,1,,
javapoet,com.squareup.javapoet,CodeBlockTest,lowerCaseNamed,11,1,0,161,1,,
javapoet,com.squareup.javapoet,CodeBlockTest,multipleNamedArguments,7,1,0,172,1,,
javapoet,com.squareup.javapoet,CodeBlockTest,namedNewline,6,1,0,185,1,,
javapoet,com.squareup.javapoet,CodeBlockTest,danglingNamed,11,1,0,192,1,,
javapoet,com.squareup.javapoet,CodeBlockTest,indexTooHigh,9,1,0,203,1,,
javapoet,com.squareup.javapoet,CodeBlockTest,indexIsZero,9,1,0,212,1,,
javapoet,com.squareup.javapoet,CodeBlockTest,indexIsNegative,9,1,0,221,1,,
javapoet,com.squareup.javapoet,CodeBlockTest,indexWithoutFormatType,9,1,0,230,1,,
javapoet,com.squareup.javapoet,CodeBlockTest,indexWithoutFormatTypeNotAtStringEnd,9,1,0,239,1,,
javapoet,com.squareup.javapoet,CodeBlockTest,indexButNoArguments,9,1,0,248,1,,
javapoet,com.squareup.javapoet,CodeBlockTest,formatIndicatorAlone,9,1,0,257,1,,
javapoet,com.squareup.javapoet,CodeBlockTest,formatIndicatorWithoutIndexOrFormatType,9,1,0,266,1,,
javapoet,com.squareup.javapoet,CodeBlockTest,sameIndexCanBeUsedWithDifferentFormats,4,1,0,275,1,,
javapoet,com.squareup.javapoet,CodeBlockTest,tooManyStatementEnters,10,1,0,282,1,,
javapoet,com.squareup.javapoet,CodeBlockTest,statementExitWithoutStatementEnter,10,1,0,293,1,,
javapoet,com.squareup.javapoet,CodeBlockTest,join,8,1,0,304,1,,
javapoet,com.squareup.javapoet,CodeBlockTest,joining,8,1,0,314,1,,
javapoet,com.squareup.javapoet,CodeBlockTest,joiningSingle,6,1,0,324,1,,
javapoet,com.squareup.javapoet,CodeBlockTest,joiningWithPrefixAndSuffix,8,1,0,332,1,,
javapoet,com.squareup.javapoet,CodeBlockTest,clear,4,1,0,342,1,,
javapoet,com.squareup.javapoet,CodeBlockTest,testJoining,5,1,0,350,1,,
javapoet,com.squareup.javapoet,CodeBlockTest,testCodeBlockJoinerMerge,14,1,0,362,1,,
javapoet,com.squareup.javapoet,CodeWriterTest,emptyLineInJavaDocDosEndings,6,1,0,11,1,,
javapoet,com.squareup.javapoet,FieldSpecTest,equalsAndHashCode,12,1,0,27,1,,
javapoet,com.squareup.javapoet,FieldSpecTest,nullAnnotationsAddition,9,1,0,40,1,,
javapoet,com.squareup.javapoet,FieldSpecTest,modifyAnnotations,5,1,0,51,1,,
javapoet,com.squareup.javapoet,FieldSpecTest,modifyModifiers,5,1,0,60,1,,
javapoet,com.squareup.javapoet,FieldSpecTest,testToBuilder,17,1,0,68,1,,
javapoet,com.squareup.javapoet,FieldSpecTest,testAddJavadocWithCodeBlock,13,1,0,93,1,,
javapoet,com.squareup.javapoet,FileReadingTest,javaFileObjectUri,6,1,0,48,1,,
javapoet,com.squareup.javapoet,FileReadingTest,javaFileObjectKind,4,1,0,58,1,,
javapoet,com.squareup.javapoet,FileReadingTest,javaFileObjectCharacterContent,7,1,0,63,1,,
javapoet,com.squareup.javapoet,FileReadingTest,javaFileObjectInputStreamIsUtf8,5,1,0,76,1,,
javapoet,com.squareup.javapoet,FileReadingTest,compileJavaFile,15,1,0,86,1,,
javapoet,com.squareup.javapoet,FileWritingTest,pathNotDirectory,14,1,0,51,1,,
javapoet,com.squareup.javapoet,FileWritingTest,fileNotDirectory,13,1,0,65,1,,
javapoet,com.squareup.javapoet,FileWritingTest,pathDefaultPackage,6,1,0,79,1,,
javapoet,com.squareup.javapoet,FileWritingTest,fileDefaultPackage,6,1,0,87,1,,
javapoet,com.squareup.javapoet,FileWritingTest,filerDefaultPackage,6,1,0,95,1,,
javapoet,com.squareup.javapoet,FileWritingTest,pathNestedClasses,12,1,0,103,1,,
javapoet,com.squareup.javapoet,FileWritingTest,fileNestedClasses,15,1,0,117,1,,
javapoet,com.squareup.javapoet,FileWritingTest,filerNestedClasses,12,1,0,134,1,,
javapoet,com.squareup.javapoet,FileWritingTest,filerPassesOriginatingElements,13,1,0,148,1,,
javapoet,com.squareup.javapoet,FileWritingTest,filerClassesWithTabIndent,8,1,0,170,1,,
javapoet,com.squareup.javapoet,FileWritingTest,fileIsUtf8,6,1,0,201,1,,
javapoet,com.squareup.javapoet,FileWritingTest,writeToPathReturnsPath,5,1,0,220,1,,
javapoet,com.squareup.javapoet,JavaFileTest,getElement,3,1,1,50,0,,
javapoet,com.squareup.javapoet,JavaFileTest,importStaticReadmeExample,11,1,0,54,1,,
javapoet,com.squareup.javapoet,JavaFileTest,importStaticForCrazyFormatsWorks,4,1,0,99,1,,
javapoet,com.squareup.javapoet,JavaFileTest,importStaticMixed,4,1,0,123,1,,
javapoet,com.squareup.javapoet,JavaFileTest,importStaticDynamic,4,1,0,161,1,,
javapoet,com.squareup.javapoet,JavaFileTest,importStaticNone,3,1,0,183,1,,
javapoet,com.squareup.javapoet,JavaFileTest,importStaticOnce,3,1,0,199,1,,
javapoet,com.squareup.javapoet,JavaFileTest,importStaticTwice,3,1,0,218,1,,
javapoet,com.squareup.javapoet,JavaFileTest,importStaticUsingWildcards,3,1,0,238,1,,
javapoet,com.squareup.javapoet,JavaFileTest,importStaticTypeSpec,4,1,1,256,0,,
javapoet,com.squareup.javapoet,JavaFileTest,noImports,4,1,0,267,1,,
javapoet,com.squareup.javapoet,JavaFileTest,singleImport,4,1,0,279,1,,
javapoet,com.squareup.javapoet,JavaFileTest,conflictingImports,4,1,0,296,1,,
javapoet,com.squareup.javapoet,JavaFileTest,annotatedTypeParam,4,1,0,316,1,,
javapoet,com.squareup.javapoet,JavaFileTest,skipJavaLangImportsWithConflictingClassLast,4,1,0,337,1,,
javapoet,com.squareup.javapoet,JavaFileTest,skipJavaLangImportsWithConflictingClassFirst,4,1,0,357,1,,
javapoet,com.squareup.javapoet,JavaFileTest,conflictingParentName,4,1,0,379,1,,
javapoet,com.squareup.javapoet,JavaFileTest,conflictingChildName,4,1,0,415,1,,
javapoet,com.squareup.javapoet,JavaFileTest,conflictingNameOutOfScope,4,1,0,451,1,,
javapoet,com.squareup.javapoet,JavaFileTest,nestedClassAndSuperclassShareName,4,1,0,491,1,,
javapoet,com.squareup.javapoet,JavaFileTest,classAndSuperclassShareName,4,1,0,512,1,,
javapoet,com.squareup.javapoet,JavaFileTest,conflictingAnnotation,4,1,0,526,1,,
javapoet,com.squareup.javapoet,JavaFileTest,conflictingAnnotationReferencedClass,4,1,0,541,1,,
javapoet,com.squareup.javapoet,JavaFileTest,conflictingTypeVariableBound,4,1,0,558,1,,
javapoet,com.squareup.javapoet,JavaFileTest,superclassReferencesSelf,4,1,0,573,1,,
javapoet,com.squareup.javapoet,JavaFileTest,annotationIsNestedClass,4,1,0,590,1,,
javapoet,com.squareup.javapoet,JavaFileTest,defaultPackage,4,1,0,614,1,,
javapoet,com.squareup.javapoet,JavaFileTest,defaultPackageTypesAreNotImported,4,1,0,636,1,,
javapoet,com.squareup.javapoet,JavaFileTest,topOfFileComment,4,1,0,648,1,,
javapoet,com.squareup.javapoet,JavaFileTest,emptyLinesInTopOfFileComment,4,1,0,662,1,,
javapoet,com.squareup.javapoet,JavaFileTest,packageClassConflictsWithNestedClass,4,1,0,680,1,,
javapoet,com.squareup.javapoet,JavaFileTest,packageClassConflictsWithSuperlass,4,1,0,699,1,,
javapoet,com.squareup.javapoet,JavaFileTest,modifyStaticImports,7,1,0,715,1,,
javapoet,com.squareup.javapoet,JavaFileTest,alwaysQualifySimple,4,1,0,735,1,,
javapoet,com.squareup.javapoet,JavaFileTest,alwaysQualifySupersedesJavaLangImports,4,1,0,751,1,,
javapoet,com.squareup.javapoet,JavaFileTest,avoidClashesWithNestedClasses_viaClass,4,1,0,768,1,,
javapoet,com.squareup.javapoet,JavaFileTest,avoidClashesWithNestedClasses_viaTypeElement,4,1,0,799,1,,
javapoet,com.squareup.javapoet,JavaFileTest,avoidClashesWithNestedClasses_viaSuperinterfaceType,4,1,0,830,1,,
javapoet,com.squareup.javapoet,JavaFileTest,childTypeBuilder,3,1,0,887,0,,
javapoet,com.squareup.javapoet,JavaFileTest,avoidClashes_parentChild_superclass_type,4,1,0,899,1,,
javapoet,com.squareup.javapoet,JavaFileTest,avoidClashes_parentChild_superclass_typeMirror,4,1,0,920,1,,
javapoet,com.squareup.javapoet,JavaFileTest,avoidClashes_parentChild_superinterface_type,4,1,0,941,1,,
javapoet,com.squareup.javapoet,JavaFileTest,avoidClashes_parentChild_superinterface_typeMirror,4,1,0,963,1,,
javapoet,com.squareup.javapoet,JavaFileTest,avoidClashes_mapEntry,4,1,0,1000,1,,
javapoet,com.squareup.javapoet,JavaFileTest,testEquals,5,1,0,1023,1,,
javapoet,com.squareup.javapoet,JavaFileTest,testNotEquals,5,1,0,1030,1,,
javapoet,com.squareup.javapoet,JavaFileTest,createJavaFile,4,1,0,1037,0,,
javapoet,com.squareup.javapoet,JavaFileTest,createDifferentJavaFile,4,1,0,1044,0,,
javapoet,com.squareup.javapoet,JavaFileTest,testWriteToFile,8,1,0,1052,1,,
javapoet,com.squareup.javapoet,JavaFileTest,testWriteToWithCharset,9,1,0,1061,1,,
javapoet,com.squareup.javapoet,JavaFileTest,deleteDirectory,3,1,1,1071,0,,
javapoet,com.squareup.javapoet,LineWrapperTest,wrap,9,1,0,26,1,,
javapoet,com.squareup.javapoet,LineWrapperTest,noWrap,9,1,0,36,1,,
javapoet,com.squareup.javapoet,LineWrapperTest,zeroWidthNoWrap,9,1,0,46,1,,
javapoet,com.squareup.javapoet,LineWrapperTest,nospaceWrapMax,9,1,0,56,1,,
javapoet,com.squareup.javapoet,LineWrapperTest,multipleWrite,23,1,0,66,1,,
javapoet,com.squareup.javapoet,LineWrapperTest,fencepost,11,1,0,90,1,,
javapoet,com.squareup.javapoet,LineWrapperTest,fencepostZeroWidth,11,1,0,102,1,,
javapoet,com.squareup.javapoet,LineWrapperTest,overlyLongLinesWithoutLeadingSpace,7,1,0,114,1,,
javapoet,com.squareup.javapoet,LineWrapperTest,overlyLongLinesWithLeadingSpace,8,1,0,122,1,,
javapoet,com.squareup.javapoet,LineWrapperTest,overlyLongLinesWithLeadingZeroWidth,8,1,0,131,1,,
javapoet,com.squareup.javapoet,LineWrapperTest,noWrapEmbeddedNewlines,10,1,0,140,1,,
javapoet,com.squareup.javapoet,LineWrapperTest,wrapEmbeddedNewlines,10,1,0,151,1,,
javapoet,com.squareup.javapoet,LineWrapperTest,noWrapEmbeddedNewlines_ZeroWidth,10,1,0,162,1,,
javapoet,com.squareup.javapoet,LineWrapperTest,wrapEmbeddedNewlines_ZeroWidth,10,1,0,173,1,,
javapoet,com.squareup.javapoet,LineWrapperTest,noWrapMultipleNewlines,11,1,0,184,1,,
javapoet,com.squareup.javapoet,LineWrapperTest,wrapMultipleNewlines,11,1,0,196,1,,
javapoet,com.squareup.javapoet,MethodSpecTest,setUp,4,1,0,59,0,,
javapoet,com.squareup.javapoet,MethodSpecTest,getElement,3,1,1,64,0,,
javapoet,com.squareup.javapoet,MethodSpecTest,nullAnnotationsAddition,9,1,0,68,1,,
javapoet,com.squareup.javapoet,MethodSpecTest,nullTypeVariablesAddition,9,1,0,77,1,,
javapoet,com.squareup.javapoet,MethodSpecTest,nullParametersAddition,9,1,0,86,1,,
javapoet,com.squareup.javapoet,MethodSpecTest,nullExceptionsAddition,9,1,0,95,1,,
javapoet,com.squareup.javapoet,MethodSpecTest,overrideEverything,6,1,0,150,1,,
javapoet,com.squareup.javapoet,MethodSpecTest,overrideGenerics,6,1,0,163,1,,
javapoet,com.squareup.javapoet,MethodSpecTest,overrideDoesNotCopyOverrideAnnotation,6,1,0,176,1,,
javapoet,com.squareup.javapoet,MethodSpecTest,overrideDoesNotCopyDefaultModifier,8,1,0,186,1,,
javapoet,com.squareup.javapoet,MethodSpecTest,overrideExtendsOthersWorksWithActualTypeParameters,14,1,0,198,1,,
javapoet,com.squareup.javapoet,MethodSpecTest,overrideFinalClassMethod,11,1,0,222,1,,
javapoet,com.squareup.javapoet,MethodSpecTest,overrideInvalidModifiers,25,1,0,234,1,,
javapoet,com.squareup.javapoet,MethodSpecTest,overrideDoesNotCopyParameterAnnotations,9,1,0,264,1,,
javapoet,com.squareup.javapoet,MethodSpecTest,equalsAndHashCode,16,1,0,277,1,,
javapoet,com.squareup.javapoet,MethodSpecTest,withoutParameterJavaDoc,4,1,0,294,1,,
javapoet,com.squareup.javapoet,MethodSpecTest,withParameterJavaDoc,4,1,0,308,1,,
javapoet,com.squareup.javapoet,MethodSpecTest,withParameterJavaDocAndWithoutMethodJavadoc,4,1,0,329,1,,
javapoet,com.squareup.javapoet,MethodSpecTest,duplicateExceptionsIgnored,7,1,0,347,1,,
javapoet,com.squareup.javapoet,MethodSpecTest,nullIsNotAValidMethodName,9,1,0,361,1,,
javapoet,com.squareup.javapoet,MethodSpecTest,addModifiersVarargsShouldNotBeNull,9,1,0,370,1,,
javapoet,com.squareup.javapoet,MethodSpecTest,modifyMethodName,4,1,0,380,1,,
javapoet,com.squareup.javapoet,MethodSpecTest,modifyAnnotations,5,1,0,390,1,,
javapoet,com.squareup.javapoet,MethodSpecTest,modifyModifiers,5,1,0,399,1,,
javapoet,com.squareup.javapoet,MethodSpecTest,modifyParameters,5,1,0,407,1,,
javapoet,com.squareup.javapoet,MethodSpecTest,modifyTypeVariables,6,1,0,415,1,,
javapoet,com.squareup.javapoet,MethodSpecTest,ensureTrailingNewline,4,1,0,425,1,,
javapoet,com.squareup.javapoet,MethodSpecTest,ensureTrailingNewlineWithExistingNewline,4,1,0,436,1,,
javapoet,com.squareup.javapoet,MethodSpecTest,controlFlowWithNamedCodeBlocks,7,1,0,448,1,,
javapoet,com.squareup.javapoet,MethodSpecTest,doWhileWithNamedCodeBlocks,7,1,0,467,1,,
javapoet,com.squareup.javapoet,MethodSpecTest,named,3,1,2,486,0,,
javapoet,com.squareup.javapoet,MethodSpecTest,testAddAnnotations,9,1,0,490,1,,
javapoet,com.squareup.javapoet,MethodSpecTest,testAddTypeVariables,10,1,0,501,1,,
javapoet,com.squareup.javapoet,MethodSpecTest,testAddJavadocWithCodeBlock,7,1,0,513,1,,
javapoet,com.squareup.javapoet,MethodSpecTest,testAddExceptions,9,1,0,521,1,,
javapoet,com.squareup.javapoet,MethodSpecTest,testAddNamedCode,7,1,0,532,1,,
javapoet,com.squareup.javapoet,MethodSpecTest,testAddComment,5,1,0,543,1,,
javapoet,com.squareup.javapoet,NameAllocatorTest,usage,7,1,0,26,1,,
javapoet,com.squareup.javapoet,NameAllocatorTest,nameCollision,6,1,0,34,1,,
javapoet,com.squareup.javapoet,NameAllocatorTest,nameCollisionWithTag,9,1,0,41,1,,
javapoet,com.squareup.javapoet,NameAllocatorTest,characterMappingSubstitute,4,1,0,51,1,,
javapoet,com.squareup.javapoet,NameAllocatorTest,characterMappingSurrogate,4,1,0,56,1,,
javapoet,com.squareup.javapoet,NameAllocatorTest,characterMappingInvalidStartButValidPart,5,1,0,61,1,,
javapoet,com.squareup.javapoet,NameAllocatorTest,characterMappingInvalidStartIsInvalidPart,4,1,0,67,1,,
javapoet,com.squareup.javapoet,NameAllocatorTest,javaKeyword,5,1,0,72,1,,
javapoet,com.squareup.javapoet,NameAllocatorTest,tagReuseForbidden,11,1,0,78,1,,
javapoet,com.squareup.javapoet,NameAllocatorTest,useBeforeAllocateForbidden,10,1,0,89,1,,
javapoet,com.squareup.javapoet,NameAllocatorTest,cloneUsage,10,1,0,99,1,,
javapoet,com.squareup.javapoet,ParameterSpecTest,setUp,3,1,0,44,0,,
javapoet,com.squareup.javapoet,ParameterSpecTest,getElement,3,1,1,48,0,,
javapoet,com.squareup.javapoet,ParameterSpecTest,equalsAndHashCode,12,1,0,52,1,,
javapoet,com.squareup.javapoet,ParameterSpecTest,receiverParameterInstanceMethod,4,1,0,65,1,,
javapoet,com.squareup.javapoet,ParameterSpecTest,receiverParameterNestedClass,4,1,0,70,1,,
javapoet,com.squareup.javapoet,ParameterSpecTest,keywordName,9,1,0,75,1,,
javapoet,com.squareup.javapoet,ParameterSpecTest,nullAnnotationsAddition,9,1,0,84,1,,
javapoet,com.squareup.javapoet,ParameterSpecTest,fieldVariableElement,12,1,0,98,1,,
javapoet,com.squareup.javapoet,ParameterSpecTest,parameterVariableElement,7,1,0,116,1,,
javapoet,com.squareup.javapoet,ParameterSpecTest,addNonFinalModifier,12,1,0,126,1,,
javapoet,com.squareup.javapoet,ParameterSpecTest,modifyAnnotations,5,1,0,140,1,,
javapoet,com.squareup.javapoet,ParameterSpecTest,modifyModifiers,5,1,0,149,1,,
javapoet,com.squareup.javapoet,ParameterSpecTest,testNestedClass,9,1,0,157,1,,
javapoet,com.squareup.javapoet,ParameterSpecTest,testNestedClassWithNullName,5,1,0,168,0,,
javapoet,com.squareup.javapoet,TestFiler,TestFiler,6,1,2,54,0,,
javapoet,com.squareup.javapoet,TestFiler,getOriginatingElements,3,1,1,61,0,,
javapoet,com.squareup.javapoet,TestFiler,createSourceFile,6,1,2,65,0,,
javapoet,com.squareup.javapoet,TestFiler,createClassFile,3,1,2,73,0,,
javapoet,com.squareup.javapoet,TestFiler,createResource,3,1,4,78,0,,
javapoet,com.squareup.javapoet,TestFiler,getResource,3,1,3,83,0,,
javapoet,com.squareup.javapoet,TestUtil,findFirst,8,3,2,9,0,,
javapoet,com.squareup.javapoet,TypeNameTest,generic,3,1,1,36,0,,
javapoet,com.squareup.javapoet,TypeNameTest,testGenericStringInner,3,1,0,48,0,,
javapoet,com.squareup.javapoet,TypeNameTest,testGenericIntInner,3,1,0,52,0,,
javapoet,com.squareup.javapoet,TypeNameTest,testGenericInnerLong,3,1,0,56,0,,
javapoet,com.squareup.javapoet,TypeNameTest,testGenericInnerInt,3,1,0,60,0,,
javapoet,com.squareup.javapoet,TypeNameTest,testNestedNonGeneric,3,1,0,64,0,,
javapoet,com.squareup.javapoet,TypeNameTest,genericType,8,1,0,68,1,,
javapoet,com.squareup.javapoet,TypeNameTest,innerClassInGenericType,7,1,0,79,1,,
javapoet,com.squareup.javapoet,TypeNameTest,innerGenericInGenericType,7,1,0,91,1,,
javapoet,com.squareup.javapoet,TypeNameTest,innerStaticInGenericType,6,1,0,103,1,,
javapoet,com.squareup.javapoet,TypeNameTest,equalsAndHashCodePrimitive,11,1,0,113,1,,
javapoet,com.squareup.javapoet,TypeNameTest,equalsAndHashCodeArrayTypeName,4,1,0,125,1,,
javapoet,com.squareup.javapoet,TypeNameTest,equalsAndHashCodeClassName,5,1,0,132,1,,
javapoet,com.squareup.javapoet,TypeNameTest,equalsAndHashCodeParameterizedTypeName,5,1,0,139,1,,
javapoet,com.squareup.javapoet,TypeNameTest,equalsAndHashCodeTypeVariableName,6,1,0,148,1,,
javapoet,com.squareup.javapoet,TypeNameTest,equalsAndHashCodeWildcardTypeName,5,1,0,156,1,,
javapoet,com.squareup.javapoet,TypeNameTest,isPrimitive,7,1,0,165,1,,
javapoet,com.squareup.javapoet,TypeNameTest,isBoxedPrimitive,7,1,0,173,1,,
javapoet,com.squareup.javapoet,TypeNameTest,assertEqualsHashCodeAndToString,6,1,2,181,0,,
javapoet,com.squareup.javapoet,TypeNameTest,testWithoutAnnotations,5,1,0,188,1,,
javapoet,com.squareup.javapoet,TypeNameTest,testArrayComponentForArrayTypeName,5,1,0,195,1,,
javapoet,com.squareup.javapoet,TypeNameTest,testArrayComponentForNonArrayType,5,1,0,202,1,,
javapoet,com.squareup.javapoet,TypeNameTest,testArrayComponentForNestedArrayTypeName,5,1,0,209,1,,
javapoet,com.squareup.javapoet,TypeNameTest,testGetWithWildcardType,6,1,0,216,1,,
javapoet,com.squareup.javapoet,TypeNameTest,testBox,13,1,0,236,1,,
javapoet,com.squareup.javapoet,TypesEclipseTest,getElements,3,1,0,149,0,,
javapoet,com.squareup.javapoet,TypesEclipseTest,getTypes,3,1,0,154,0,,
javapoet,com.squareup.javapoet,TypeSpecTest,getElement,3,1,1,56,0,,
javapoet,com.squareup.javapoet,TypeSpecTest,basic,5,1,0,60,1,,
javapoet,com.squareup.javapoet,TypeSpecTest,interestingTypes,7,1,0,84,1,,
javapoet,com.squareup.javapoet,TypeSpecTest,anonymousInnerClass,16,1,0,112,1,,
javapoet,com.squareup.javapoet,TypeSpecTest,annotatedParameters,4,1,0,172,1,,
javapoet,com.squareup.javapoet,TypeSpecTest,annotationsAndJavaLangTypes,5,1,0,208,1,,
javapoet,com.squareup.javapoet,TypeSpecTest,retrofitStyleInterface,15,1,0,230,1,,
javapoet,com.squareup.javapoet,TypeSpecTest,annotatedField,4,1,0,288,1,,
javapoet,com.squareup.javapoet,TypeSpecTest,annotatedClass,5,1,0,307,1,,
javapoet,com.squareup.javapoet,TypeSpecTest,addAnnotationDisallowsNull,23,1,0,329,1,,
javapoet,com.squareup.javapoet,TypeSpecTest,enumWithSubclassing,4,1,0,350,1,,
javapoet,com.squareup.javapoet,TypeSpecTest,enumsMayDefineAbstractMethods,4,1,0,408,1,,
javapoet,com.squareup.javapoet,TypeSpecTest,noEnumConstants,4,1,0,438,1,,
javapoet,com.squareup.javapoet,TypeSpecTest,onlyEnumsMayHaveEnumConstants,8,1,0,453,1,,
javapoet,com.squareup.javapoet,TypeSpecTest,enumWithMembersButNoConstructorCall,4,1,0,463,1,,
javapoet,com.squareup.javapoet,TypeSpecTest,enumWithAnnotatedValues,4,1,0,490,1,,
javapoet,com.squareup.javapoet,TypeSpecTest,methodThrows,4,1,0,515,1,,
javapoet,com.squareup.javapoet,TypeSpecTest,typeVariables,7,1,0,552,1,,
javapoet,com.squareup.javapoet,TypeSpecTest,typeVariableWithBounds,7,1,0,607,1,,
javapoet,com.squareup.javapoet,TypeSpecTest,classImplementsExtends,6,1,0,630,1,,
javapoet,com.squareup.javapoet,TypeSpecTest,classImplementsNestedClass,7,1,0,651,1,,
javapoet,com.squareup.javapoet,TypeSpecTest,enumImplements,4,1,0,674,1,,
javapoet,com.squareup.javapoet,TypeSpecTest,interfaceExtends,5,1,0,694,1,,
javapoet,com.squareup.javapoet,TypeSpecTest,nestedClasses,8,1,0,710,1,,
javapoet,com.squareup.javapoet,TypeSpecTest,annotation,4,1,0,783,1,,
javapoet,com.squareup.javapoet,TypeSpecTest,innerAnnotationInAnnotationDeclaration,4,1,0,802,1,,
javapoet,com.squareup.javapoet,TypeSpecTest,annotationWithFields,5,1,0,822,1,,
javapoet,com.squareup.javapoet,TypeSpecTest,classCannotHaveDefaultValueForMethod,8,1,0,841,1,,
javapoet,com.squareup.javapoet,TypeSpecTest,classCannotHaveDefaultMethods,8,1,0,856,1,,
javapoet,com.squareup.javapoet,TypeSpecTest,interfaceStaticMethods,4,1,0,871,1,,
javapoet,com.squareup.javapoet,TypeSpecTest,interfaceDefaultMethods,4,1,0,892,1,,
javapoet,com.squareup.javapoet,TypeSpecTest,invalidInterfacePrivateMethods,20,1,0,913,1,,
javapoet,com.squareup.javapoet,TypeSpecTest,interfacePrivateMethods,6,1,0,951,1,,
javapoet,com.squareup.javapoet,TypeSpecTest,referencedAndDeclaredSimpleNamesConflict,8,1,0,990,1,,
javapoet,com.squareup.javapoet,TypeSpecTest,simpleNamesConflictInThisAndOtherPackage,6,1,0,1053,1,,
javapoet,com.squareup.javapoet,TypeSpecTest,simpleNameConflictsWithTypeVariable,8,1,0,1072,1,,
javapoet,com.squareup.javapoet,TypeSpecTest,originatingElementsIncludesThoseOfNestedTypes,6,1,0,1140,1,,
javapoet,com.squareup.javapoet,TypeSpecTest,intersectionType,5,1,0,1152,1,,
javapoet,com.squareup.javapoet,TypeSpecTest,arrayType,4,1,0,1174,1,,
javapoet,com.squareup.javapoet,TypeSpecTest,javadoc,4,1,0,1186,1,,
javapoet,com.squareup.javapoet,TypeSpecTest,annotationsInAnnotations,8,1,0,1229,1,,
javapoet,com.squareup.javapoet,TypeSpecTest,varargs,4,1,0,1261,1,,
javapoet,com.squareup.javapoet,TypeSpecTest,codeBlocks,8,1,0,1280,1,,
javapoet,com.squareup.javapoet,TypeSpecTest,indexedElseIf,4,1,0,1351,1,,
javapoet,com.squareup.javapoet,TypeSpecTest,elseIf,4,1,0,1377,1,,
javapoet,com.squareup.javapoet,TypeSpecTest,doWhile,4,1,0,1403,1,,
javapoet,com.squareup.javapoet,TypeSpecTest,inlineIndent,4,1,0,1425,1,,
javapoet,com.squareup.javapoet,TypeSpecTest,defaultModifiersForInterfaceMembers,4,1,0,1445,1,,
javapoet,com.squareup.javapoet,TypeSpecTest,defaultModifiersForMemberInterfacesAndEnums,4,1,0,1473,1,,
javapoet,com.squareup.javapoet,TypeSpecTest,membersOrdering,4,1,0,1502,1,,
javapoet,com.squareup.javapoet,TypeSpecTest,nativeMethods,4,1,0,1559,1,,
javapoet,com.squareup.javapoet,TypeSpecTest,nullStringLiteral,4,1,0,1592,1,,
javapoet,com.squareup.javapoet,TypeSpecTest,annotationToString,4,1,0,1608,1,,
javapoet,com.squareup.javapoet,TypeSpecTest,codeBlockToString,4,1,0,1615,1,,
javapoet,com.squareup.javapoet,TypeSpecTest,codeBlockAddStatementOfCodeBlockToString,5,1,0,1622,1,,
javapoet,com.squareup.javapoet,TypeSpecTest,fieldToString,4,1,0,1628,1,,
javapoet,com.squareup.javapoet,TypeSpecTest,methodToString,4,1,0,1636,1,,
javapoet,com.squareup.javapoet,TypeSpecTest,constructorToString,4,1,0,1650,1,,
javapoet,com.squareup.javapoet,TypeSpecTest,parameterToString,4,1,0,1662,1,,
javapoet,com.squareup.javapoet,TypeSpecTest,classToString,4,1,0,1671,1,,
javapoet,com.squareup.javapoet,TypeSpecTest,anonymousClassToString,4,1,0,1679,1,,
javapoet,com.squareup.javapoet,TypeSpecTest,interfaceClassToString,4,1,0,1695,1,,
javapoet,com.squareup.javapoet,TypeSpecTest,annotationDeclarationToString,4,1,0,1703,1,,
javapoet,com.squareup.javapoet,TypeSpecTest,toString,3,1,1,1711,0,,
javapoet,com.squareup.javapoet,TypeSpecTest,multilineStatement,4,1,0,1715,1,,
javapoet,com.squareup.javapoet,TypeSpecTest,multilineStatementWithAnonymousClass,7,1,0,1743,1,,
javapoet,com.squareup.javapoet,TypeSpecTest,multilineStrings,4,1,0,1804,1,,
javapoet,com.squareup.javapoet,TypeSpecTest,doubleFieldInitialization,14,1,0,1823,1,,
javapoet,com.squareup.javapoet,TypeSpecTest,nullAnnotationsAddition,9,1,0,1843,1,,
javapoet,com.squareup.javapoet,TypeSpecTest,multipleAnnotationAddition,4,1,0,1853,1,,
javapoet,com.squareup.javapoet,TypeSpecTest,nullFieldsAddition,9,1,0,1873,1,,
javapoet,com.squareup.javapoet,TypeSpecTest,multipleFieldAddition,4,1,0,1883,1,,
javapoet,com.squareup.javapoet,TypeSpecTest,nullMethodsAddition,9,1,0,1901,1,,
javapoet,com.squareup.javapoet,TypeSpecTest,multipleMethodAddition,4,1,0,1911,1,,
javapoet,com.squareup.javapoet,TypeSpecTest,nullSuperinterfacesAddition,9,1,0,1943,1,,
javapoet,com.squareup.javapoet,TypeSpecTest,nullSingleSuperinterfaceAddition,9,1,0,1953,1,,
javapoet,com.squareup.javapoet,TypeSpecTest,nullInSuperinterfaceIterableAddition,12,1,0,1963,1,,
javapoet,com.squareup.javapoet,TypeSpecTest,multipleSuperinterfaceAddition,4,1,0,1977,1,,
javapoet,com.squareup.javapoet,TypeSpecTest,nullModifiersAddition,9,1,0,1993,1,,
javapoet,com.squareup.javapoet,TypeSpecTest,nullTypeVariablesAddition,9,1,0,2003,1,,
javapoet,com.squareup.javapoet,TypeSpecTest,multipleTypeVariableAddition,4,1,0,2013,1,,
javapoet,com.squareup.javapoet,TypeSpecTest,nullTypesAddition,9,1,0,2028,1,,
javapoet,com.squareup.javapoet,TypeSpecTest,multipleTypeAddition,4,1,0,2038,1,,
javapoet,com.squareup.javapoet,TypeSpecTest,tryCatch,4,1,0,2056,1,,
javapoet,com.squareup.javapoet,TypeSpecTest,ifElse,4,1,0,2080,1,,
javapoet,com.squareup.javapoet,TypeSpecTest,literalFromAnything,9,1,0,2108,1,,
javapoet,com.squareup.javapoet,TypeSpecTest,toString,3,1,0,2110,0,,
javapoet,com.squareup.javapoet,TypeSpecTest,nameFromCharSequence,3,1,0,2117,1,,
javapoet,com.squareup.javapoet,TypeSpecTest,nameFromField,4,1,0,2121,1,,
javapoet,com.squareup.javapoet,TypeSpecTest,nameFromParameter,4,1,0,2126,1,,
javapoet,com.squareup.javapoet,TypeSpecTest,nameFromMethod,4,1,0,2131,1,,
javapoet,com.squareup.javapoet,TypeSpecTest,nameFromType,4,1,0,2139,1,,
javapoet,com.squareup.javapoet,TypeSpecTest,nameFromUnsupportedType,9,1,0,2144,1,,
javapoet,com.squareup.javapoet,TypeSpecTest,stringFromAnything,9,1,0,2153,1,,
javapoet,com.squareup.javapoet,TypeSpecTest,toString,3,1,0,2155,0,,
javapoet,com.squareup.javapoet,TypeSpecTest,stringFromNull,3,1,0,2162,1,,
javapoet,com.squareup.javapoet,TypeSpecTest,typeFromTypeName,4,1,0,2166,1,,
javapoet,com.squareup.javapoet,TypeSpecTest,typeFromTypeMirror,4,1,0,2171,1,,
javapoet,com.squareup.javapoet,TypeSpecTest,typeFromTypeElement,4,1,0,2176,1,,
javapoet,com.squareup.javapoet,TypeSpecTest,typeFromReflectType,3,1,0,2181,1,,
javapoet,com.squareup.javapoet,TypeSpecTest,typeFromUnsupportedType,9,1,0,2185,1,,
javapoet,com.squareup.javapoet,TypeSpecTest,tooFewArguments,9,1,0,2194,1,,
javapoet,com.squareup.javapoet,TypeSpecTest,unusedArgumentsRelative,9,1,0,2203,1,,
javapoet,com.squareup.javapoet,TypeSpecTest,unusedArgumentsIndexed,23,1,0,2212,1,,
javapoet,com.squareup.javapoet,TypeSpecTest,superClassOnlyValidForClasses,20,1,0,2233,1,,
javapoet,com.squareup.javapoet,TypeSpecTest,invalidSuperClass,14,1,0,2251,1,,
javapoet,com.squareup.javapoet,TypeSpecTest,staticCodeBlock,4,1,0,2267,1,,
javapoet,com.squareup.javapoet,TypeSpecTest,initializerBlockInRightPlace,4,1,0,2303,1,,
javapoet,com.squareup.javapoet,TypeSpecTest,initializersToBuilder,10,1,0,2350,1,,
javapoet,com.squareup.javapoet,TypeSpecTest,initializerBlockUnsupportedExceptionOnInterface,9,1,0,2424,1,,
javapoet,com.squareup.javapoet,TypeSpecTest,initializerBlockUnsupportedExceptionOnAnnotation,9,1,0,2433,1,,
javapoet,com.squareup.javapoet,TypeSpecTest,lineWrapping,11,2,0,2442,1,,
javapoet,com.squareup.javapoet,TypeSpecTest,lineWrappingWithZeroWidthSpace,5,1,0,2471,1,,
javapoet,com.squareup.javapoet,TypeSpecTest,equalsAndHashCode,18,1,0,2493,1,,
javapoet,com.squareup.javapoet,TypeSpecTest,classNameFactories,7,1,0,2512,1,,
javapoet,com.squareup.javapoet,TypeSpecTest,modifyAnnotations,5,1,0,2520,1,,
javapoet,com.squareup.javapoet,TypeSpecTest,modifyModifiers,5,1,0,2531,1,,
javapoet,com.squareup.javapoet,TypeSpecTest,modifyFields,5,1,0,2540,1,,
javapoet,com.squareup.javapoet,TypeSpecTest,modifyTypeVariables,6,1,0,2549,1,,
javapoet,com.squareup.javapoet,TypeSpecTest,modifySuperinterfaces,5,1,0,2561,1,,
javapoet,com.squareup.javapoet,TypeSpecTest,modifyMethods,5,1,0,2570,1,,
javapoet,com.squareup.javapoet,TypeSpecTest,modifyTypes,5,1,0,2579,1,,
javapoet,com.squareup.javapoet,TypeSpecTest,modifyEnumConstants,6,1,0,2588,1,,
javapoet,com.squareup.javapoet,TypeSpecTest,modifyOriginatingElements,5,1,0,2599,1,,
javapoet,com.squareup.javapoet,TypeSpecTest,javadocWithTrailingLineDoesNotAddAnother,4,1,0,2608,1,,
javapoet,com.squareup.javapoet,TypeSpecTest,javadocEnsuresTrailingLine,4,1,0,2623,1,,
javapoet,com.squareup.javapoet,TypesTest,getElements,3,1,0,31,0,,
javapoet,com.squareup.javapoet,TypesTest,getTypes,3,1,0,36,0,,
javapoet,com.squareup.javapoet,UtilTest,characterLiteral,32,1,0,23,1,,
javapoet,com.squareup.javapoet,UtilTest,stringLiteral,8,1,0,59,1,,
javapoet,com.squareup.javapoet,UtilTest,stringLiteral,3,1,1,68,0,,
javapoet,com.squareup.javapoet,UtilTest,stringLiteral,3,1,3,72,0,,
javapoet,(default package),ClassNameNoPackageTest,shouldSupportClassInDefaultPackage,6,1,0,27,1,,
